-- phpMyAdmin SQL Dump
-- version 5.2.1
-- https://www.phpmyadmin.net/
--
-- Host: 127.0.0.1
-- Generation Time: Oct 16, 2025 at 06:18 AM
-- Server version: 10.4.32-MariaDB
-- PHP Version: 8.2.12

SET SQL_MODE = "NO_AUTO_VALUE_ON_ZERO";
START TRANSACTION;
SET time_zone = "+00:00";


/*!40101 SET @OLD_CHARACTER_SET_CLIENT=@@CHARACTER_SET_CLIENT */;
/*!40101 SET @OLD_CHARACTER_SET_RESULTS=@@CHARACTER_SET_RESULTS */;
/*!40101 SET @OLD_COLLATION_CONNECTION=@@COLLATION_CONNECTION */;
/*!40101 SET NAMES utf8mb4 */;

--
-- Database: `kasir`
--

-- --------------------------------------------------------

--
-- Table structure for table `barang_keluar`
--

CREATE TABLE `barang_keluar` (
  `id_keluar` int(11) NOT NULL,
  `id_produk` int(11) DEFAULT NULL,
  `jumlah` int(11) DEFAULT NULL,
  `tanggal` datetime DEFAULT NULL,
  `id_user` int(11) DEFAULT NULL
) ENGINE=InnoDB DEFAULT CHARSET=utf8mb4 COLLATE=utf8mb4_general_ci;

-- --------------------------------------------------------

--
-- Table structure for table `barang_masuk`
--

CREATE TABLE `barang_masuk` (
  `id_masuk` int(11) NOT NULL,
  `id_produk` int(11) DEFAULT NULL,
  `jumlah` int(11) DEFAULT NULL,
  `tanggal` datetime DEFAULT NULL,
  `id_user` int(11) DEFAULT NULL
) ENGINE=InnoDB DEFAULT CHARSET=utf8mb4 COLLATE=utf8mb4_general_ci;

-- --------------------------------------------------------

--
-- Table structure for table `detail_pembelian`
--

CREATE TABLE `detail_pembelian` (
  `id_detail` int(11) NOT NULL,
  `id_pembelian` int(11) DEFAULT NULL,
  `id_produk` int(11) DEFAULT NULL,
  `jumlah` int(11) DEFAULT NULL,
  `subtotal` int(11) DEFAULT NULL
) ENGINE=InnoDB DEFAULT CHARSET=utf8mb4 COLLATE=utf8mb4_general_ci;

--
-- Dumping data for table `detail_pembelian`
--

INSERT INTO `detail_pembelian` (`id_detail`, `id_pembelian`, `id_produk`, `jumlah`, `subtotal`) VALUES
(1, 1, 1, 10, 100000);

-- --------------------------------------------------------

--
-- Table structure for table `detail_penjualan`
--

CREATE TABLE `detail_penjualan` (
  `id_detail` int(11) NOT NULL,
  `id_penjualan` int(11) DEFAULT NULL,
  `id_produk` int(11) DEFAULT NULL,
  `jumlah` int(11) DEFAULT NULL,
  `subtotal` int(11) DEFAULT NULL
) ENGINE=InnoDB DEFAULT CHARSET=utf8mb4 COLLATE=utf8mb4_general_ci;

--
-- Dumping data for table `detail_penjualan`
--

INSERT INTO `detail_penjualan` (`id_detail`, `id_penjualan`, `id_produk`, `jumlah`, `subtotal`) VALUES
(1, 1, 1, 13, 130000),
(2, 1, 1, 9, 90000),
(3, 2, 2, 10, 150000),
(4, 2, 3, 10, 50000);

-- --------------------------------------------------------

--
-- Table structure for table `pelanggan`
--

CREATE TABLE `pelanggan` (
  `id_pelanggan` int(11) NOT NULL,
  `nama` varchar(100) DEFAULT NULL,
  `nama_pelanggan` varchar(100) NOT NULL,
  `alamat` text DEFAULT NULL,
  `telepon` varchar(20) DEFAULT NULL,
  `created_at` timestamp NOT NULL DEFAULT current_timestamp()
) ENGINE=InnoDB DEFAULT CHARSET=utf8mb4 COLLATE=utf8mb4_general_ci;

--
-- Dumping data for table `pelanggan`
--

INSERT INTO `pelanggan` (`id_pelanggan`, `nama`, `nama_pelanggan`, `alamat`, `telepon`, `created_at`) VALUES
(1, 'surya', '', 'jalan kukusan', '0877889', '2025-10-16 01:29:22'),
(2, 'supi', '', 'mampang rt4', '08776622', '2025-10-16 01:29:42'),
(3, 'zaki', '', 'jl makam cagar alam kota depok', '087882517511', '2025-10-16 03:35:46');

-- --------------------------------------------------------

--
-- Table structure for table `pembelian`
--

CREATE TABLE `pembelian` (
  `id_pembelian` int(11) NOT NULL,
  `total` decimal(10,2) DEFAULT NULL,
  `id_user` int(11) DEFAULT NULL,
  `tanggal` timestamp NOT NULL DEFAULT current_timestamp()
) ENGINE=InnoDB DEFAULT CHARSET=utf8mb4 COLLATE=utf8mb4_general_ci;

--
-- Dumping data for table `pembelian`
--

INSERT INTO `pembelian` (`id_pembelian`, `total`, `id_user`, `tanggal`) VALUES
(1, 100000.00, 1, '2025-10-16 02:38:17');

-- --------------------------------------------------------

--
-- Table structure for table `penjualan`
--

CREATE TABLE `penjualan` (
  `id_penjualan` int(11) NOT NULL,
  `nama_pelanggan` varchar(100) DEFAULT NULL,
  `nama_kasir` varchar(100) DEFAULT NULL,
  `total` decimal(10,2) DEFAULT NULL,
  `id_user` int(11) DEFAULT NULL,
  `tanggal` timestamp NOT NULL DEFAULT current_timestamp()
) ENGINE=InnoDB DEFAULT CHARSET=utf8mb4 COLLATE=utf8mb4_general_ci;

--
-- Dumping data for table `penjualan`
--

INSERT INTO `penjualan` (`id_penjualan`, `nama_pelanggan`, `nama_kasir`, `total`, `id_user`, `tanggal`) VALUES
(1, 'surya', 'admin', 220000.00, 1, '2025-10-16 02:35:50'),
(2, 'sufi', 'admin', 200000.00, 1, '2025-10-16 02:41:13');

-- --------------------------------------------------------

--
-- Table structure for table `produk`
--

CREATE TABLE `produk` (
  `id_produk` int(11) NOT NULL,
  `nama` varchar(100) NOT NULL,
  `harga` int(11) NOT NULL,
  `stok` int(11) NOT NULL
) ENGINE=InnoDB DEFAULT CHARSET=utf8mb4 COLLATE=utf8mb4_general_ci;

--
-- Dumping data for table `produk`
--

INSERT INTO `produk` (`id_produk`, `nama`, `harga`, `stok`) VALUES
(1, 'susu milo', 10000, 88),
(2, 'kopi susu', 15000, 100),
(3, 'nutrisari', 5000, 80),
(4, 'kacang  ijo', 1, 1),
(5, 'americano jawa', 5, 20),
(6, 'rotinyaa di bakar', 13, 40);

-- --------------------------------------------------------

--
-- Table structure for table `transaksi_penjualan`
--

CREATE TABLE `transaksi_penjualan` (
  `id_transaksi` int(11) NOT NULL,
  `tanggal` date NOT NULL,
  `nama_pelanggan` varchar(100) DEFAULT NULL,
  `total` decimal(10,2) DEFAULT NULL,
  `id_user` int(11) DEFAULT NULL
) ENGINE=InnoDB DEFAULT CHARSET=utf8mb4 COLLATE=utf8mb4_general_ci;

-- --------------------------------------------------------

--
-- Table structure for table `users`
--

CREATE TABLE `users` (
  `id_user` int(11) NOT NULL,
  `username` varchar(50) NOT NULL,
  `password` varchar(255) NOT NULL,
  `nama` varchar(100) NOT NULL,
  `level` enum('admin','kasir') NOT NULL,
  `role` enum('admin','kasir') NOT NULL DEFAULT 'kasir'
) ENGINE=InnoDB DEFAULT CHARSET=utf8mb4 COLLATE=utf8mb4_general_ci;

--
-- Dumping data for table `users`
--

INSERT INTO `users` (`id_user`, `username`, `password`, `nama`, `level`, `role`) VALUES
(1, 'admin', '$2y$10$8WfodzhApEFav460b4fnd.eW7M4YVZi3/LWwZEHuDKSN98pjG/8.a', '', 'admin', 'admin'),
(2, 'kasir', '$2y$10$OKIpN6g/qEk5hAjFdQEMYO3pZcKBQXMVcksV5MGN1mTnEyZcKtxfS', '', 'admin', 'kasir');

--
-- Indexes for dumped tables
--

--
-- Indexes for table `barang_keluar`
--
ALTER TABLE `barang_keluar`
  ADD PRIMARY KEY (`id_keluar`);

--
-- Indexes for table `barang_masuk`
--
ALTER TABLE `barang_masuk`
  ADD PRIMARY KEY (`id_masuk`);

--
-- Indexes for table `detail_pembelian`
--
ALTER TABLE `detail_pembelian`
  ADD PRIMARY KEY (`id_detail`),
  ADD KEY `id_pembelian` (`id_pembelian`),
  ADD KEY `id_produk` (`id_produk`);

--
-- Indexes for table `detail_penjualan`
--
ALTER TABLE `detail_penjualan`
  ADD PRIMARY KEY (`id_detail`),
  ADD KEY `id_penjualan` (`id_penjualan`),
  ADD KEY `id_produk` (`id_produk`);

--
-- Indexes for table `pelanggan`
--
ALTER TABLE `pelanggan`
  ADD PRIMARY KEY (`id_pelanggan`);

--
-- Indexes for table `pembelian`
--
ALTER TABLE `pembelian`
  ADD PRIMARY KEY (`id_pembelian`);

--
-- Indexes for table `penjualan`
--
ALTER TABLE `penjualan`
  ADD PRIMARY KEY (`id_penjualan`);

--
-- Indexes for table `produk`
--
ALTER TABLE `produk`
  ADD PRIMARY KEY (`id_produk`);

--
-- Indexes for table `transaksi_penjualan`
--
ALTER TABLE `transaksi_penjualan`
  ADD PRIMARY KEY (`id_transaksi`),
  ADD KEY `id_user` (`id_user`);

--
-- Indexes for table `users`
--
ALTER TABLE `users`
  ADD PRIMARY KEY (`id_user`);

--
-- AUTO_INCREMENT for dumped tables
--

--
-- AUTO_INCREMENT for table `barang_keluar`
--
ALTER TABLE `barang_keluar`
  MODIFY `id_keluar` int(11) NOT NULL AUTO_INCREMENT;

--
-- AUTO_INCREMENT for table `barang_masuk`
--
ALTER TABLE `barang_masuk`
  MODIFY `id_masuk` int(11) NOT NULL AUTO_INCREMENT;

--
-- AUTO_INCREMENT for table `detail_pembelian`
--
ALTER TABLE `detail_pembelian`
  MODIFY `id_detail` int(11) NOT NULL AUTO_INCREMENT, AUTO_INCREMENT=2;

--
-- AUTO_INCREMENT for table `detail_penjualan`
--
ALTER TABLE `detail_penjualan`
  MODIFY `id_detail` int(11) NOT NULL AUTO_INCREMENT, AUTO_INCREMENT=5;

--
-- AUTO_INCREMENT for table `pelanggan`
--
ALTER TABLE `pelanggan`
  MODIFY `id_pelanggan` int(11) NOT NULL AUTO_INCREMENT, AUTO_INCREMENT=4;

--
-- AUTO_INCREMENT for table `pembelian`
--
ALTER TABLE `pembelian`
  MODIFY `id_pembelian` int(11) NOT NULL AUTO_INCREMENT, AUTO_INCREMENT=2;

--
-- AUTO_INCREMENT for table `penjualan`
--
ALTER TABLE `penjualan`
  MODIFY `id_penjualan` int(11) NOT NULL AUTO_INCREMENT, AUTO_INCREMENT=3;

--
-- AUTO_INCREMENT for table `produk`
--
ALTER TABLE `produk`
  MODIFY `id_produk` int(11) NOT NULL AUTO_INCREMENT, AUTO_INCREMENT=7;

--
-- AUTO_INCREMENT for table `transaksi_penjualan`
--
ALTER TABLE `transaksi_penjualan`
  MODIFY `id_transaksi` int(11) NOT NULL AUTO_INCREMENT;

--
-- AUTO_INCREMENT for table `users`
--
ALTER TABLE `users`
  MODIFY `id_user` int(11) NOT NULL AUTO_INCREMENT, AUTO_INCREMENT=3;

--
-- Constraints for dumped tables
--

--
-- Constraints for table `transaksi_penjualan`
--
ALTER TABLE `transaksi_penjualan`
  ADD CONSTRAINT `transaksi_penjualan_ibfk_1` FOREIGN KEY (`id_user`) REFERENCES `users` (`id_user`);
COMMIT;

/*!40101 SET CHARACTER_SET_CLIENT=@OLD_CHARACTER_SET_CLIENT */;
/*!40101 SET CHARACTER_SET_RESULTS=@OLD_CHARACTER_SET_RESULTS */;
/*!40101 SET COLLATION_CONNECTION=@OLD_COLLATION_CONNECTION */;
